Columna,Tipo,Nulos_finales,%_Completitud
S11_ESTU_CONSECUTIVO,object,0,100.0
SPRO_ESTU_CONSECUTIVO,object,0,100.0
estu_consecutivo_sbtyt,object,0,100.0
S11_est_S11_ESTU_PILOPAGA,object,0,100.0
S11_est_S11_ESTU_PRIVADO_LIBERTAD,object,0,100.0
S11_est_S11_ESTU_ANTECEDENTES,object,0,100.0
S11_est_S11_ESTU_AREARESIDE,object,0,100.0
S11_est_S11_ESTU_COD_DEPTO_PRESENTACION,float64,0,100.0
S11_est_S11_ESTU_COD_MCPIO_PRESENTACION,float64,0,100.0
S11_est_S11_ESTU_COD_RESIDE_DEPTO,float64,0,100.0
S11_est_S11_ESTU_COD_RESIDE_MCPIO,float64,0,100.0
S11_est_S11_ESTU_DEPTO_PRESENTACION,object,0,100.0
S11_est_S11_ESTU_DEPTO_RESIDE,object,0,100.0
S11_est_S11_ESTU_ESTADOINVESTIGACION,object,0,100.0
S11_est_S11_ESTU_ESTUDIANTE,object,0,100.0
S11_est_S11_ESTU_ETNIA,object,0,100.0
S11_est_S11_ESTU_EXPECTATIVAS,object,0,100.0
S11_est_S11_ESTU_FECHANACIMIENTO,object,0,100.0
S11_est_S11_ESTU_GENERO,object,0,100.0
S11_est_S11_ESTU_INSE_INDIVIDUAL,object,0,100.0
S11_est_S11_ESTU_MCPIO_PRESENTACION,object,0,100.0
S11_est_S11_ESTU_MCPIO_RESIDE,object,0,100.0
S11_est_S11_ESTU_NACIONALIDAD,object,0,100.0
S11_est_S11_ESTU_NSE_INDIVIDUAL,object,0,100.0
S11_est_S11_ESTU_PAIS_RESIDE,object,0,100.0
S11_est_S11_ESTU_PUESTO,float64,0,100.0
S11_est_S11_ESTU_TIPODOCUMENTO,object,0,100.0
S11_est_S11_ESTU_TRABAJAACTUALMENTE,object,0,100.0
S11_est_S11_ESTU_VALORPENSIONCOLEGIO,object,0,100.0
S11_est_S11_ESTU_VECESPRESENTOEXAMEN,object,0,100.0
S11_est_S11_PERIODO,int64,0,100.0
S11_res_S11_PUNT_COMP_CIUDADANA,float64,0,100.0
S11_res_S11_PUNT_GLOBAL,float64,0,100.0
S11_res_S11_PUNT_INGLES,float64,0,100.0
S11_res_S11_PUNT_LECTURA_CRITICA,float64,0,100.0
S11_res_S11_PUNT_MATEMATICAS,float64,0,100.0
S11_res_S11_PUNT_RAZONA_CUANTITATIVO,float64,0,100.0
S11_res_S11_PUNT_SOCIALES_CIUDADANAS,float64,0,100.0
SPRO_est_SPRO_ESTU_CONSECUTIVO,object,0,100.0
SPRO_est_SPRO_PERIODO,int64,0,100.0
SPRO_est_SPRO_ESTU_TIPODOCUMENTO,object,0,100.0
SPRO_est_SPRO_ESTU_AREARESIDE,object,0,100.0
SPRO_est_SPRO_ESTU_COD_COLE_MCPIO_TERMINO,float64,0,100.0
SPRO_est_SPRO_ESTU_COD_DEPTO_PRESENTACION,float64,0,100.0
SPRO_est_SPRO_ESTU_COD_MCPIO_PRESENTACION,float64,0,100.0
SPRO_est_SPRO_ESTU_COD_RESIDE_DEPTO,float64,0,100.0
SPRO_est_SPRO_ESTU_COD_RESIDE_MCPIO,float64,0,100.0
SPRO_est_SPRO_ESTU_CODDANE_COLE_TERMINO,float64,0,100.0
SPRO_est_SPRO_ESTU_COLE_TERMINO,object,0,100.0
SPRO_est_SPRO_ESTU_COMOCAPACITOEXAMENSB11,object,0,100.0
SPRO_est_SPRO_ESTU_DEPTO_PRESENTACION,object,0,100.0
SPRO_est_SPRO_ESTU_DEPTO_RESIDE,object,0,100.0
SPRO_est_SPRO_ESTU_ESTADOINVESTIGACION,object,0,100.0
SPRO_est_SPRO_ESTU_ESTUDIANTE,object,0,100.0
SPRO_est_SPRO_ESTU_EXTERIOR,object,0,100.0
est_SPRO_ESTU_FECHANACIMIENTO,object,0,100.0
SPRO_est_SPRO_ESTU_GENERO,object,0,100.0
SPRO_est_SPRO_ESTU_HORASSEMANATRABAJA,object,0,100.0
SPRO_est_SPRO_ESTU_INSE_INDIVIDUAL,object,0,100.0
SPRO_est_SPRO_ESTU_MCPIO_PRESENTACION,object,0,100.0
SPRO_est_SPRO_ESTU_MCPIO_RESIDE,object,0,100.0
SPRO_est_SPRO_ESTU_METODO_PRGM,object,0,100.0
SPRO_est_SPRO_ESTU_NACIONALIDAD,object,0,100.0
SPRO_est_SPRO_ESTU_NSE_IES,float64,0,100.0
SPRO_est_SPRO_ESTU_NSE_INDIVIDUAL,float64,0,100.0
SPRO_est_SPRO_ESTU_PAIS_RESIDE,object,0,100.0
SPRO_est_SPRO_ESTU_PRGM_ACADEMICO,object,0,100.0
SPRO_est_SPRO_ESTU_PRGM_CODMUNICIPIO,int64,0,100.0
SPRO_est_SPRO_ESTU_PRGM_DEPARTAMENTO,object,0,100.0
SPRO_est_SPRO_ESTU_PRGM_MUNICIPIO,object,0,100.0
SPRO_est_SPRO_ESTU_PRIVADO_LIBERTAD,object,0,100.0
SPRO_est_SPRO_ESTU_TIPODOCUMENTOSB11,object,0,100.0
SPRO_ins_SPRO_ESTU_INST_CODMUNICIPIO,int64,0,100.0
SPRO_ins_SPRO_ESTU_INST_DEPARTAMENTO,object,0,100.0
SPRO_ins_SPRO_ESTU_INST_MUNICIPIO,object,0,100.0
SPRO_ins_SPRO_ESTU_NIVEL_PRGM_ACADEMICO,object,0,100.0
SPRO_ins_SPRO_ESTU_NUCLEO_PREGRADO,object,0,100.0
SPRO_ins_SPRO_ESTU_SEMESTRECURSA,object,0,100.0
SPRO_ins_SPRO_ESTU_SNIES_PRGMACADEMICO,float64,0,100.0
SPRO_ins_SPRO_INST_CARACTER_ACADEMICO,object,0,100.0
SPRO_ins_SPRO_INST_COD_INSTITUCION,int64,0,100.0
SPRO_ins_SPRO_INST_NOMBRE_INSTITUCION,object,0,100.0
SPRO_ins_SPRO_INST_ORIGEN,object,0,100.0
SPRO_res_SPRO_MOD_COMPETEN_CIUDADA_PNAL,float64,0,100.0
SPRO_res_SPRO_MOD_COMPETEN_CIUDADA_PUNT,int64,0,100.0
SPRO_res_SPRO_MOD_COMUNI_ESCRITA_PNAL,float64,0,100.0
SPRO_res_SPRO_MOD_COMUNI_ESCRITA_PUNT,float64,0,100.0
SPRO_res_SPRO_MOD_INGLES_PNAL,float64,0,100.0
SPRO_res_SPRO_MOD_INGLES_PUNT,float64,0,100.0
SPRO_res_SPRO_MOD_LECTURA_CRITICA_PNAL,float64,0,100.0
SPRO_res_SPRO_MOD_LECTURA_CRITICA_PUNT,int64,0,100.0
SPRO_res_SPRO_MOD_RAZONA_CUANTITAT_PUNT,int64,0,100.0
SPRO_res_SPRO_MOD_RAZONA_CUANTITATIVO_PNAL,float64,0,100.0
SPRO_res_SPRO_PUNT_GLOBAL,int64,0,100.0
SPRO_soc_SPRO_ESTU_PAGOMATRICULABECA,object,0,100.0
SPRO_soc_SPRO_ESTU_PAGOMATRICULACREDITO,object,0,100.0
SPRO_soc_SPRO_ESTU_PAGOMATRICULAPADRES,object,0,100.0
SPRO_soc_SPRO_ESTU_PAGOMATRICULAPROPIO,object,0,100.0
SPRO_soc_SPRO_ESTU_VALORMATRICULAUNIVERSIDAD,object,0,100.0
SPRO_soc_SPRO_FAMI_CUANTOSCOMPARTEBANO,object,0,100.0
SPRO_soc_SPRO_FAMI_EDUCACIONMADRE,object,0,100.0
SPRO_soc_SPRO_FAMI_EDUCACIONPADRE,object,0,100.0
SPRO_soc_SPRO_FAMI_ESTRATOVIVIENDA,object,0,100.0
SPRO_soc_SPRO_FAMI_TIENEAUTOMOVIL,object,0,100.0
SPRO_soc_SPRO_FAMI_TIENECONSOLAVIDEOJUEGOS,object,0,100.0
SPRO_soc_SPRO_FAMI_TIENEHORNOMICROOGAS,object,0,100.0
SPRO_soc_SPRO_FAMI_TIENEINTERNET,object,0,100.0
SPRO_soc_SPRO_FAMI_TIENELAVADORA,object,0,100.0
SPRO_soc_SPRO_FAMI_TIENEMOTOCICLETA,object,0,100.0
SPRO_soc_SPRO_FAMI_TIENESERVICIOTV,object,0,100.0
SPRO_soc_SPRO_FAMI_TRABAJOLABORMADRE,object,0,100.0
SPRO_soc_SPRO_FAMI_TRABAJOLABORPADRE,object,0,100.0
STYT_ESTU_CONSECUTIVO,object,0,100.0
STYT_est_STYT_ESTU_CONSECUTIVO,object,0,100.0
STYT_est_STYT_PERIODO,int64,0,100.0
STYT_est_STYT_ESTU_COD_COLE_MCPIO_TERMINO,object,0,100.0
STYT_est_STYT_ESTU_COD_DEPTO_PRESENTACION,float64,0,100.0
STYT_est_STYT_ESTU_COD_MCPIO_PRESENTACION,int64,0,100.0
STYT_est_STYT_ESTU_COD_RESIDE_DEPTO,float64,0,100.0
STYT_est_STYT_ESTU_COD_RESIDE_MCPIO,float64,0,100.0
STYT_est_STYT_ESTU_CODDANE_COLE_TERMINO,object,0,100.0
STYT_est_STYT_ESTU_COLE_TERMINO,object,0,100.0
STYT_est_STYT_ESTU_COMOCAPACITOEXAMENSB11,object,0,100.0
STYT_est_STYT_ESTU_DEDICACIONINTERNET,object,0,100.0
STYT_est_STYT_ESTU_DEDICACIONLECTURADIARIA,object,0,100.0
STYT_est_STYT_ESTU_DEPTO_PRESENTACION,object,0,100.0
STYT_est_STYT_ESTU_DEPTO_RESIDE,object,0,100.0
STYT_est_STYT_ESTU_ESTADOINVESTIGACION,object,0,100.0
STYT_est_STYT_ESTU_ESTUDIANTE,object,0,100.0
STYT_est_STYT_ESTU_EXTERIOR,object,0,100.0
est_STYT_ESTU_FECHANACIMIENTO,object,0,100.0
STYT_est_STYT_ESTU_GENERO,object,0,100.0
STYT_est_STYT_ESTU_HORASSEMANATRABAJA,object,0,100.0
STYT_est_STYT_ESTU_INSE_INDIVIDUAL,object,0,100.0
STYT_est_STYT_ESTU_MCPIO_PRESENTACION,object,0,100.0
STYT_est_STYT_ESTU_MCPIO_RESIDE,object,0,100.0
STYT_est_STYT_ESTU_METODO_PRGM,object,0,100.0
STYT_est_STYT_ESTU_NACIONALIDAD,object,0,100.0
STYT_est_STYT_ESTU_NSE_IES,float64,0,100.0
STYT_est_STYT_ESTU_NSE_INDIVIDUAL,object,0,100.0
STYT_est_STYT_ESTU_PAIS_RESIDE,object,0,100.0
STYT_est_STYT_ESTU_PAISDOCUMENTOSB11,object,0,100.0
STYT_est_STYT_ESTU_PRGM_ACADEMICO,object,0,100.0
STYT_est_STYT_ESTU_PRGM_CODMUNICIPIO,int64,0,100.0
STYT_est_STYT_ESTU_PRGM_DEPARTAMENTO,object,0,100.0
STYT_est_STYT_ESTU_PRGM_MUNICIPIO,object,0,100.0
STYT_est_STYT_ESTU_PRIVADO_LIBERTAD,object,0,100.0
STYT_est_STYT_ESTU_SEMESTRECURSA,float64,0,100.0
STYT_est_STYT_ESTU_SNIES_PRGMACADEMICO,int64,0,100.0
STYT_est_STYT_ESTU_TIENEETNIA,object,0,100.0
STYT_est_STYT_ESTU_TIPODOCUMENTOSB11,object,0,100.0
STYT_est_STYT_ESTU_TITULOOBTENIDOBACHILLER,object,0,100.0
STYT_est_STYT_ESTU_VALORMATRICULAUNIVERSIDAD,object,0,100.0
STYT_est_STYT_ESTU_TIPODOCUMENTO,object,0,100.0
STYT_ins_STYT_ESTU_INST_CODMUNICIPIO,int64,0,100.0
STYT_ins_STYT_ESTU_INST_DEPARTAMENTO,object,0,100.0
STYT_ins_STYT_ESTU_INST_MUNICIPIO,object,0,100.0
STYT_ins_STYT_ESTU_NIVEL_PRGM_ACADEMICO,object,0,100.0
STYT_ins_STYT_ESTU_NUCLEO_PREGRADO,object,0,100.0
STYT_ins_STYT_GRUPOREFERENCIA,object,0,100.0
STYT_ins_STYT_INST_CARACTER_ACADEMICO,object,0,100.0
STYT_ins_STYT_INST_COD_INSTITUCION,int64,0,100.0
STYT_ins_STYT_INST_NOMBRE_INSTITUCION,object,0,100.0
STYT_ins_STYT_INST_ORIGEN,object,0,100.0
STYT_res_STYT_MOD_COMPETEN_CIUDADA_PNAL,float64,0,100.0
STYT_res_STYT_MOD_COMPETEN_CIUDADA_PUNT,float64,0,100.0
STYT_res_STYT_MOD_COMUNI_ESCRITA_PNAL,float64,0,100.0
STYT_res_STYT_MOD_COMUNI_ESCRITA_PUNT,float64,0,100.0
STYT_res_STYT_MOD_INGLES_PNAL,float64,0,100.0
STYT_res_STYT_MOD_INGLES_PUNT,int64,0,100.0
STYT_res_STYT_MOD_LECTURA_CRITICA_PNAL,float64,0,100.0
STYT_res_STYT_MOD_LECTURA_CRITICA_PUNT,float64,0,100.0
STYT_res_STYT_MOD_RAZONA_CUANTITAT_PUNT,float64,0,100.0
STYT_res_STYT_MOD_RAZONA_CUANTITATIVO_PNAL,float64,0,100.0
STYT_res_STYT_PUNT_GLOBAL,float64,0,100.0
STYT_soc_STYT_ESTU_PAGOMATRICULABECA,object,0,100.0
STYT_soc_STYT_ESTU_PAGOMATRICULACREDITO,object,0,100.0
STYT_soc_STYT_ESTU_PAGOMATRICULAPADRES,object,0,100.0
STYT_soc_STYT_ESTU_PAGOMATRICULAPROPIO,object,0,100.0
STYT_soc_STYT_FAMI_CABEZAFAMILIA,object,0,100.0
STYT_soc_STYT_FAMI_CUARTOSHOGAR,object,0,100.0
STYT_soc_STYT_FAMI_EDUCACIONMADRE,object,0,100.0
STYT_soc_STYT_FAMI_EDUCACIONPADRE,object,0,100.0
STYT_soc_STYT_FAMI_ESTRATOVIVIENDA,object,0,100.0
STYT_soc_STYT_FAMI_HOGARACTUAL,object,0,100.0
STYT_soc_STYT_FAMI_NUMLIBROS,object,0,100.0
STYT_soc_STYT_FAMI_NUMPERSONASACARGO,object,0,100.0
STYT_soc_STYT_FAMI_OCUPACIONMADRE,object,0,100.0
STYT_soc_STYT_FAMI_OCUPACIONPADRE,object,0,100.0
STYT_soc_STYT_FAMI_PERSONASHOGAR,object,0,100.0
STYT_soc_STYT_FAMI_TIENEAUTOMOVIL,object,0,100.0
STYT_soc_STYT_FAMI_TIENECOMPUTADOR,object,0,100.0
STYT_soc_STYT_FAMI_TIENEHORNOMICROOGAS,object,0,100.0
STYT_soc_STYT_FAMI_TIENEINTERNET,object,0,100.0
STYT_soc_STYT_FAMI_TIENELAVADORA,object,0,100.0
STYT_soc_STYT_FAMI_TIENEMOTOCICLETA,object,0,100.0
STYT_soc_STYT_FAMI_TIENESERVICIOTV,object,0,100.0
S11_est_S11_PERIODO_2,object,0,100.0
SPRO_est_SPRO_PERIODO_2,object,0,100.0
STYT_est_STYT_PERIODO_2,object,0,100.0
