Columna,Tipo,No_nulos,Nulos,%_Nulos,Valores_únicos,Categoría
S11_ESTU_CONSECUTIVO,object,7,0,0.0,7,Clave (ID/Resultados)
SPRO_ESTU_CONSECUTIVO,object,7,0,0.0,7,Clave (ID/Resultados)
estu_consecutivo_sbtyt,object,7,0,0.0,7,Evaluar
S11_est_S11_ESTU_LIMITA_CONDICIONESPECIAL,object,0,7,100.0,0,Excluir
S11_est_S11_ESTU_LIMITA_SDOWN,float64,0,7,100.0,0,Excluir
S11_est_S11_ESTU_LIMITA_SORDO,float64,0,7,100.0,0,Excluir
S11_est_S11_ESTU_MCPIOIESDESEADA,object,1,6,85.71,1,Excluir
S11_est_S11_ESTU_MESTERMINOBACHILLER,object,0,7,100.0,0,Excluir
S11_est_S11_ESTU_MOTIVO_PRESENTAVALIDACION,object,0,7,100.0,0,Excluir
S11_est_S11_ESTU_PILOPAGA,object,7,0,0.0,1,Evaluar
S11_est_S11_ESTU_PRIVADO_LIBERTAD,object,7,0,0.0,1,Evaluar
S11_est_S11_ESTU_PROGORIENTACIONVOCACIONAL,object,1,6,85.71,1,Excluir
S11_est_S11_ESTU_PROGPORBUSCANDOCARRERA,object,1,6,85.71,1,Excluir
S11_est_S11_ESTU_PROGPORCOLOMBIAAPRENDE,object,1,6,85.71,1,Excluir
S11_est_S11_ESTU_PROGPORINFLUENCIAALGUIEN,object,1,6,85.71,1,Excluir
S11_est_S11_ESTU_PROGPORINTERESPERSONAL,object,1,6,85.71,1,Excluir
S11_est_S11_ESTU_PROGPORMEJORARPOSICSOCIAL,object,1,6,85.71,1,Excluir
S11_est_S11_ESTU_PROGPORTRADICIONFAMILIAR,object,1,6,85.71,1,Excluir
S11_est_S11_ESTU_AGREGADO,object,0,7,100.0,0,Excluir
S11_est_S11_ESTU_ANOMATRICULAPRIMERO,object,1,6,85.71,1,Excluir
S11_est_S11_ESTU_ANOMATRICULASEXTO,float64,1,6,85.71,1,Excluir
S11_est_S11_ESTU_ANOSCOLEGIOACTUAL,object,1,6,85.71,1,Excluir
S11_est_S11_ESTU_ANOSPREESCOLAR,object,1,6,85.71,1,Excluir
S11_est_S11_ESTU_ANOTERMINOBACHILLER,float64,0,7,100.0,0,Excluir
S11_est_S11_ESTU_ANOTERMINOQUINTO,float64,1,6,85.71,1,Excluir
S11_est_S11_ESTU_ANTECEDENTES,object,7,0,0.0,2,Evaluar
S11_est_S11_ESTU_AREARESIDE,object,7,0,0.0,1,Evaluar
S11_est_S11_ESTU_COD_DEPTO_PRESENTACION,float64,7,0,0.0,1,Evaluar
S11_est_S11_ESTU_COD_IESDESEADA,object,1,6,85.71,1,Excluir
S11_est_S11_ESTU_COD_MCPIO_PRESENTACION,float64,7,0,0.0,2,Evaluar
S11_est_S11_ESTU_COD_MCPIOIESDESEADA,float64,1,6,85.71,1,Excluir
S11_est_S11_ESTU_COD_PROGRAMADESEADO,float64,1,6,85.71,1,Excluir
S11_est_S11_ESTU_COD_RESIDE_DEPTO,float64,7,0,0.0,1,Evaluar
S11_est_S11_ESTU_COD_RESIDE_MCPIO,float64,7,0,0.0,2,Evaluar
S11_est_S11_ESTU_CUANTOSCOLEGIOESTUDIO,object,1,6,85.71,1,Excluir
S11_est_S11_ESTU_DEDICACIONINTERNET,object,0,7,100.0,0,Excluir
S11_est_S11_ESTU_DEDICACIONLECTURADIARIA,object,0,7,100.0,0,Excluir
S11_est_S11_ESTU_DEPTO_PRESENTACION,object,7,0,0.0,1,Evaluar
S11_est_S11_ESTU_DEPTO_RESIDE,object,7,0,0.0,1,Evaluar
S11_est_S11_ESTU_DISCAPACIDAD,object,0,7,100.0,0,Excluir
S11_est_S11_ESTU_ESTADOINVESTIGACION,object,7,0,0.0,1,Evaluar
S11_est_S11_ESTU_ESTUDIANTE,object,7,0,0.0,1,Evaluar
S11_est_S11_ESTU_ETNIA,object,7,0,0.0,1,Excluir
S11_est_S11_ESTU_EXPECTATIVAS,object,7,0,0.0,1,Evaluar
S11_est_S11_ESTU_FECHANACIMIENTO,object,7,0,0.0,7,Evaluar
S11_est_S11_ESTU_GENERACIONE,object,0,7,100.0,0,Excluir
S11_est_S11_ESTU_GENERO,object,7,0,0.0,2,Evaluar
S11_est_S11_ESTU_GRADO,float64,0,7,100.0,0,Excluir
S11_est_S11_ESTU_HORASSEMANATRABAJA,object,0,7,100.0,0,Excluir
S11_est_S11_ESTU_IESDESEADA,object,1,6,85.71,1,Excluir
S11_est_S11_ESTU_INGRESAR_PROG_EDUSUPERIOR,object,0,7,100.0,0,Excluir
S11_est_S11_ESTU_INSE_INDIVIDUAL,object,7,0,0.0,7,Socioeconómico
S11_est_S11_ESTU_INSTPORAMIGOSESTUDIANDO,object,1,6,85.71,1,Excluir
S11_est_S11_ESTU_INSTPORCOSTOMATRICULA,object,1,6,85.71,1,Excluir
S11_est_S11_ESTU_INSTPOROPORTUNIDADES,object,1,6,85.71,1,Excluir
S11_est_S11_ESTU_INSTPOROTRARAZON,object,1,6,85.71,1,Excluir
S11_est_S11_ESTU_INSTPORPRESTIGIO,object,1,6,85.71,1,Excluir
S11_est_S11_ESTU_INSTPORUBICACION,object,1,6,85.71,1,Excluir
S11_est_S11_ESTU_INSTPORUNICAQUEOFRECE,object,1,6,85.71,1,Excluir
S11_est_S11_ESTU_LIMITA_AUTISMO,float64,0,7,100.0,0,Excluir
S11_est_S11_ESTU_LIMITA_INVIDENTE,float64,0,7,100.0,0,Excluir
S11_est_S11_ESTU_LIMITA_MOTRIZ,float64,0,7,100.0,0,Excluir
S11_est_S11_ESTU_MCPIO_PRESENTACION,object,7,0,0.0,2,Evaluar
S11_est_S11_ESTU_MCPIO_RESIDE,object,7,0,0.0,2,Evaluar
S11_est_S11_ESTU_NACIONALIDAD,object,7,0,0.0,1,Evaluar
S11_est_S11_ESTU_NSE_ESTABLECIMIENTO,float64,0,7,100.0,0,Excluir
S11_est_S11_ESTU_NSE_INDIVIDUAL,object,7,0,0.0,2,Socioeconómico
S11_est_S11_ESTU_PAIS_RESIDE,object,7,0,0.0,1,Evaluar
S11_est_S11_ESTU_PROGRAMADESEADO,object,1,6,85.71,1,Excluir
S11_est_S11_ESTU_PROMEDIOSALON,object,0,7,100.0,0,Excluir
S11_est_S11_ESTU_PUESTO,float64,7,0,0.0,7,Evaluar
S11_est_S11_ESTU_PUNT_ESPERADO_INGLES,object,0,7,100.0,0,Excluir
S11_est_S11_ESTU_PUNT_ESPERADO_LENGUAJE,object,0,7,100.0,0,Excluir
S11_est_S11_ESTU_PUNT_ESPERADO_MATEMATICAS,object,0,7,100.0,0,Excluir
S11_est_S11_ESTU_RAZONRETIROCOLEGIO,object,0,7,100.0,0,Excluir
S11_est_S11_ESTU_RECIBESALARIO,object,0,7,100.0,0,Excluir
S11_est_S11_ESTU_REPITE,float64,0,7,100.0,0,Excluir
S11_est_S11_ESTU_REPROBOCUARTO,object,1,6,85.71,1,Excluir
S11_est_S11_ESTU_REPROBODECIMO,object,1,6,85.71,1,Excluir
S11_est_S11_ESTU_REPROBONOVENO,object,1,6,85.71,1,Excluir
S11_est_S11_ESTU_REPROBOOCTAVO,object,1,6,85.71,1,Excluir
S11_est_S11_ESTU_REPROBOONCEMAS,object,1,6,85.71,1,Excluir
S11_est_S11_ESTU_REPROBOPRIMERO,object,1,6,85.71,1,Excluir
S11_est_S11_ESTU_REPROBOQUINTO,object,1,6,85.71,1,Excluir
S11_est_S11_ESTU_REPROBOSEGUNDO,object,1,6,85.71,1,Excluir
S11_est_S11_ESTU_REPROBOSEPTIMO,object,1,6,85.71,1,Excluir
S11_est_S11_ESTU_REPROBOSEXTO,object,1,6,85.71,1,Excluir
S11_est_S11_ESTU_REPROBOTERCERO,object,1,6,85.71,1,Excluir
S11_est_S11_ESTU_SALARIO_ESPERADOBACHILLER,object,0,7,100.0,0,Excluir
S11_est_S11_ESTU_SALARIO_ESPERADOPROFESI,object,0,7,100.0,0,Excluir
S11_est_S11_ESTU_SALARIO_ESPERADOTECNICO,object,0,7,100.0,0,Excluir
S11_est_S11_ESTU_SERETIROCOLEGIO,object,1,6,85.71,1,Excluir
S11_est_S11_ESTU_TIENEETNIA,object,0,7,100.0,0,Excluir
S11_est_S11_ESTU_TIPOCARRERADESEADA,object,1,6,85.71,1,Excluir
S11_est_S11_ESTU_TIPODOCUMENTO,object,7,0,0.0,1,Evaluar
S11_est_S11_ESTU_TIPOREMUNERACION,object,0,7,100.0,0,Excluir
S11_est_S11_ESTU_TOTALALUMNOSCURSO,float64,1,6,85.71,1,Excluir
S11_est_S11_ESTU_TRABAJAACTUALMENTE,object,7,0,0.0,1,Evaluar
S11_est_S11_ESTU_VALORPENSIONCOLEGIO,object,7,0,0.0,2,Evaluar
S11_est_S11_ESTU_VECESFALTOCOLEGIO,object,0,7,100.0,0,Excluir
S11_est_S11_ESTU_VECESPRESENTOEXAMEN,object,7,0,0.0,1,Evaluar
S11_est_S11_PERIODO,int64,7,0,0.0,1,Clave (ID/Resultados)
S11_ins_s11_cole_area_ubicacion,float64,0,7,100.0,0,Excluir
S11_ins_s11_cole_bilingue,float64,0,7,100.0,0,Excluir
S11_ins_s11_cole_calendario,float64,0,7,100.0,0,Excluir
S11_ins_s11_cole_caracter,float64,0,7,100.0,0,Excluir
S11_ins_s11_cole_cod_dane_establecimiento,float64,0,7,100.0,0,Excluir
S11_ins_s11_cole_cod_dane_sede,float64,0,7,100.0,0,Excluir
S11_ins_s11_cole_cod_depto_ubicacion,float64,0,7,100.0,0,Excluir
S11_ins_s11_cole_cod_mcpio_ubicacion,float64,0,7,100.0,0,Excluir
S11_ins_s11_cole_codigo_icfes,float64,0,7,100.0,0,Excluir
S11_ins_s11_cole_depto_ubicacion,float64,0,7,100.0,0,Excluir
S11_ins_s11_cole_genero,float64,0,7,100.0,0,Excluir
S11_ins_s11_cole_jornada,float64,0,7,100.0,0,Excluir
S11_ins_s11_cole_mcpio_ubicacion,float64,0,7,100.0,0,Excluir
S11_ins_s11_cole_naturaleza,float64,0,7,100.0,0,Excluir
S11_ins_s11_cole_nombre_establecimiento,float64,0,7,100.0,0,Excluir
S11_ins_s11_cole_nombre_sede,float64,0,7,100.0,0,Excluir
S11_ins_s11_cole_sede_principal,float64,0,7,100.0,0,Excluir
S11_res_S11_PUNT_COMP_CIUDADANA,float64,7,0,0.0,7,Clave (ID/Resultados)
S11_res_S11_PUNT_GLOBAL,float64,7,0,0.0,7,Clave (ID/Resultados)
S11_res_S11_PUNT_INGLES,float64,7,0,0.0,7,Clave (ID/Resultados)
S11_res_S11_PUNT_LECTURA_CRITICA,float64,7,0,0.0,7,Clave (ID/Resultados)
S11_res_S11_PUNT_LENGUAJE,float64,0,7,100.0,0,Excluir
S11_res_S11_PUNT_MATEMATICAS,float64,7,0,0.0,6,Clave (ID/Resultados)
S11_res_S11_PUNT_QUIMICA,float64,0,7,100.0,0,Excluir
S11_res_S11_PUNT_RAZONA_CUANTITATIVO,float64,7,0,0.0,6,Clave (ID/Resultados)
S11_res_S11_PUNT_SOCIALES_CIUDADANAS,float64,7,0,0.0,7,Clave (ID/Resultados)
S11_res_S11_RECAF_PUNT_C_NATURALES,float64,0,7,100.0,0,Excluir
S11_res_S11_RECAF_PUNT_INGLES,float64,0,7,100.0,0,Excluir
S11_res_S11_RECAF_PUNT_LECTURA_CRITICA,float64,0,7,100.0,0,Excluir
S11_res_S11_RECAF_PUNT_MATEMATICAS,float64,0,7,100.0,0,Excluir
S11_res_S11_RECAF_PUNT_SOCIALES_CIUDADANAS,float64,0,7,100.0,0,Excluir
S11_soc_s11_fami_comecarnepescadohuevo,float64,0,7,100.0,0,Excluir
S11_soc_s11_fami_comecerealfrutoslegumbre,float64,0,7,100.0,0,Excluir
S11_soc_s11_fami_comelechederivados,float64,0,7,100.0,0,Excluir
S11_soc_s11_fami_cuartoshogar,float64,0,7,100.0,0,Excluir
S11_soc_s11_fami_educacionmadre,float64,0,7,100.0,0,Excluir
S11_soc_s11_fami_educacionpadre,float64,0,7,100.0,0,Excluir
S11_soc_s11_fami_estratovivienda,float64,0,7,100.0,0,Excluir
S11_soc_s11_fami_ingresofmiliarmensual,float64,0,7,100.0,0,Excluir
S11_soc_s11_fami_nivelsisben,float64,0,7,100.0,0,Excluir
S11_soc_s11_fami_numhermanos,float64,0,7,100.0,0,Excluir
S11_soc_s11_fami_numlibros,float64,0,7,100.0,0,Excluir
S11_soc_s11_fami_ocupacionmadre,float64,0,7,100.0,0,Excluir
S11_soc_s11_fami_ocupacionpadre,float64,0,7,100.0,0,Excluir
S11_soc_s11_fami_personashogar,float64,0,7,100.0,0,Excluir
S11_soc_s11_fami_pisoshogar,float64,0,7,100.0,0,Excluir
S11_soc_s11_fami_situacioneconomica,float64,0,7,100.0,0,Excluir
S11_soc_s11_fami_telefono,float64,0,7,100.0,0,Excluir
S11_soc_s11_fami_tiene_celular,float64,0,7,100.0,0,Excluir
S11_soc_s11_fami_tiene_nevera,float64,0,7,100.0,0,Excluir
S11_soc_s11_fami_tiene_serviciotv,float64,0,7,100.0,0,Excluir
S11_soc_s11_fami_tieneautomovil,float64,0,7,100.0,0,Excluir
S11_soc_s11_fami_tienecomputador,float64,0,7,100.0,0,Excluir
S11_soc_s11_fami_tieneconsolavideojuegos,float64,0,7,100.0,0,Excluir
S11_soc_s11_fami_tienedvd,float64,0,7,100.0,0,Excluir
S11_soc_s11_fami_tienehorno,float64,0,7,100.0,0,Excluir
S11_soc_s11_fami_tienehornomicroogas,float64,0,7,100.0,0,Excluir
S11_soc_s11_fami_tieneinternet,float64,0,7,100.0,0,Excluir
S11_soc_s11_fami_tienelavadora,float64,0,7,100.0,0,Excluir
S11_soc_s11_fami_tienemicroondas,float64,0,7,100.0,0,Excluir
S11_soc_s11_fami_tienemotocicleta,float64,0,7,100.0,0,Excluir
S11_soc_s11_fami_tieneserviciotv,float64,0,7,100.0,0,Excluir
S11_soc_s11_fami_tienetelevisor,float64,0,7,100.0,0,Excluir
S11_soc_s11_fami_trabajolabormadre,float64,0,7,100.0,0,Excluir
S11_soc_s11_fami_trabajolaborpadre,float64,0,7,100.0,0,Excluir
SPRO_est_SPRO_ESTU_CONSECUTIVO,object,7,0,0.0,7,Clave (ID/Resultados)
SPRO_est_SPRO_PERIODO,int64,7,0,0.0,1,Clave (ID/Resultados)
SPRO_est_SPRO_ESTU_TIPODOCUMENTO,object,7,0,0.0,1,Evaluar
SPRO_est_SPRO_ESTU_ACTIVIDADREFUERZOAREAS,object,1,6,85.71,1,Excluir
SPRO_est_SPRO_ESTU_ACTIVIDADREFUERZOGENERIC,object,1,6,85.71,1,Excluir
SPRO_est_SPRO_ESTU_AREARESIDE,object,7,0,0.0,2,Evaluar
SPRO_est_SPRO_ESTU_COD_COLE_MCPIO_TERMINO,float64,7,0,0.0,2,Evaluar
SPRO_est_SPRO_ESTU_COD_DEPTO_PRESENTACION,float64,7,0,0.0,1,Evaluar
SPRO_est_SPRO_ESTU_COD_MCPIO_PRESENTACION,float64,7,0,0.0,1,Evaluar
SPRO_est_SPRO_ESTU_COD_RESIDE_DEPTO,float64,7,0,0.0,1,Evaluar
SPRO_est_SPRO_ESTU_COD_RESIDE_MCPIO,float64,7,0,0.0,2,Evaluar
SPRO_est_SPRO_ESTU_CODDANE_COLE_TERMINO,float64,7,0,0.0,7,Evaluar
SPRO_est_SPRO_ESTU_CODICFESCOLE_TERMINO,float64,0,7,100.0,0,Excluir
SPRO_est_SPRO_ESTU_COLE_TERMINO,object,7,0,0.0,7,Evaluar
SPRO_est_SPRO_ESTU_COMOCAPACITOEXAMENSB11,object,7,0,0.0,3,Evaluar
SPRO_est_SPRO_ESTU_CURSODOCENTESIES,object,1,6,85.71,1,Excluir
SPRO_est_SPRO_ESTU_CURSOIESAPOYOEXTERNO,object,1,6,85.71,1,Excluir
SPRO_est_SPRO_ESTU_CURSOIESEXTERNA,object,1,6,85.71,1,Excluir
SPRO_est_SPRO_ESTU_DEDICACIONINTERNET,object,0,7,100.0,0,Excluir
SPRO_est_SPRO_ESTU_DEDICACIONLECTURADIARIA,object,0,7,100.0,0,Excluir
SPRO_est_SPRO_ESTU_DEPTO_PRESENTACION,object,7,0,0.0,1,Evaluar
SPRO_est_SPRO_ESTU_DEPTO_RESIDE,object,7,0,0.0,1,Evaluar
SPRO_est_SPRO_ESTU_DISC_ASPERGER,float64,0,7,100.0,0,Excluir
SPRO_est_SPRO_ESTU_DISC_AUDITCASTELL,float64,0,7,100.0,0,Excluir
SPRO_est_SPRO_ESTU_DISC_AUDITLSC,float64,0,7,100.0,0,Excluir
SPRO_est_SPRO_ESTU_DISC_FISICA,float64,0,7,100.0,0,Excluir
SPRO_est_SPRO_ESTU_DISC_INTELEC,float64,0,7,100.0,0,Excluir
SPRO_est_SPRO_ESTU_DISC_PSICOSOCIAL,float64,0,7,100.0,0,Excluir
SPRO_est_SPRO_ESTU_DISC_SISTEM,float64,0,7,100.0,0,Excluir
SPRO_est_SPRO_ESTU_DISC_SORDOCEGUERA,float64,0,7,100.0,0,Excluir
SPRO_est_SPRO_ESTU_DISC_VISUALBAJA,float64,0,7,100.0,0,Excluir
SPRO_est_SPRO_ESTU_DISC_VISUALCEGUE,float64,0,7,100.0,0,Excluir
SPRO_est_SPRO_ESTU_DISC_VOZHABLA,float64,0,7,100.0,0,Excluir
SPRO_est_SPRO_ESTU_ESTADOCIVIL,object,0,7,100.0,0,Excluir
SPRO_est_SPRO_ESTU_ESTADOINVESTIGACION,object,7,0,0.0,1,Evaluar
SPRO_est_SPRO_ESTU_ESTUDIANTE,object,7,0,0.0,1,Evaluar
SPRO_est_SPRO_ESTU_ETNIA,object,0,7,100.0,0,Excluir
SPRO_est_SPRO_ESTU_EXTERIOR,object,7,0,0.0,1,Evaluar
est_SPRO_ESTU_FECHANACIMIENTO,object,7,0,0.0,7,Institucional
SPRO_est_SPRO_ESTU_GENERO,object,7,0,0.0,2,Evaluar
SPRO_est_SPRO_ESTU_HORASSEMANATRABAJA,object,7,0,0.0,3,Evaluar
SPRO_est_SPRO_ESTU_INSE_INDIVIDUAL,object,7,0,0.0,7,Socioeconómico
SPRO_est_SPRO_ESTU_MCPIO_PRESENTACION,object,7,0,0.0,1,Evaluar
SPRO_est_SPRO_ESTU_MCPIO_RESIDE,object,7,0,0.0,2,Evaluar
SPRO_est_SPRO_ESTU_METODO_PRGM,object,7,0,0.0,1,Evaluar
SPRO_est_SPRO_ESTU_NACIONALIDAD,object,7,0,0.0,1,Evaluar
SPRO_est_SPRO_ESTU_NSE_IES,float64,7,0,0.0,1,Socioeconómico
SPRO_est_SPRO_ESTU_NSE_INDIVIDUAL,float64,7,0,0.0,2,Socioeconómico
SPRO_est_SPRO_ESTU_PAIS_RESIDE,object,7,0,0.0,1,Evaluar
SPRO_est_SPRO_ESTU_PAISDOCUMENTOS11,object,0,7,100.0,0,Excluir
SPRO_est_SPRO_ESTU_PAISDOCUMENTOSB11,float64,0,7,100.0,0,Excluir
SPRO_est_SPRO_ESTU_PLANTELEDUCATIVO,float64,0,7,100.0,0,Excluir
SPRO_est_SPRO_ESTU_PREGRADOEXAMENSP,float64,0,7,100.0,0,Excluir
SPRO_est_SPRO_ESTU_PRESENTACIONCASA,object,0,7,100.0,0,Excluir
SPRO_est_SPRO_ESTU_PRESENTACIONSABADO,object,0,7,100.0,0,Excluir
SPRO_est_SPRO_ESTU_PRGM_ACADEMICO,object,7,0,0.0,1,Evaluar
SPRO_est_SPRO_ESTU_PRGM_CODMUNICIPIO,int64,7,0,0.0,1,Evaluar
SPRO_est_SPRO_ESTU_PRGM_DEPARTAMENTO,object,7,0,0.0,1,Evaluar
SPRO_est_SPRO_ESTU_PRGM_MUNICIPIO,object,7,0,0.0,1,Evaluar
SPRO_est_SPRO_ESTU_PRIVADO_LIBERTAD,object,7,0,0.0,1,Evaluar
SPRO_est_SPRO_ESTU_SIMULACROTIPOICFES,object,1,6,85.71,1,Excluir
SPRO_est_SPRO_ESTU_TIENEETNIA,object,0,7,100.0,0,Excluir
SPRO_est_SPRO_ESTU_TIPODOCUMENTOSB11,object,7,0,0.0,2,Evaluar
SPRO_est_SPRO_ESTU_TIPOREMUNERACION,object,0,7,100.0,0,Excluir
SPRO_est_SPRO_ESTU_TITULOOBTENIDOBACHILLER,object,0,7,100.0,0,Excluir
SPRO_est_SPRO_ESTU_UNPOSTGRADO,float64,0,7,100.0,0,Excluir
SPRO_ins_SPRO_ESTU_INST_CODMUNICIPIO,int64,7,0,0.0,1,Evaluar
SPRO_ins_SPRO_ESTU_INST_DEPARTAMENTO,object,7,0,0.0,1,Evaluar
SPRO_ins_SPRO_ESTU_INST_MUNICIPIO,object,7,0,0.0,1,Evaluar
SPRO_ins_SPRO_ESTU_NIVEL_PRGM_ACADEMICO,object,7,0,0.0,1,Evaluar
SPRO_ins_SPRO_ESTU_NUCLEO_PREGRADO,object,7,0,0.0,1,Evaluar
SPRO_ins_SPRO_ESTU_NUCLEO_PREGRADO_1,object,0,7,100.0,0,Excluir
SPRO_ins_SPRO_ESTU_OTROCOLE_TERMINO,object,0,7,100.0,0,Excluir
SPRO_ins_SPRO_ESTU_OTROPLANTEL,object,0,7,100.0,0,Excluir
SPRO_ins_SPRO_ESTU_SEMESTRECURSA,object,7,0,0.0,1,Evaluar
SPRO_ins_SPRO_ESTU_SNIES_PRGMACADEMICO,float64,7,0,0.0,1,Evaluar
SPRO_ins_SPRO_GRUPOREFERENCIA,object,0,7,100.0,0,Excluir
SPRO_ins_SPRO_INST_CARACTER_ACADEMICO,object,7,0,0.0,1,Evaluar
SPRO_ins_SPRO_INST_COD_INSTITUCION,int64,7,0,0.0,1,Evaluar
SPRO_ins_SPRO_INST_NOMBRE_INSTITUCION,object,7,0,0.0,1,Evaluar
SPRO_ins_SPRO_INST_ORIGEN,object,7,0,0.0,1,Evaluar
SPRO_res_SPRO_MOD_COMPETEN_CIUDADA_PNAL,float64,7,0,0.0,7,Evaluar
SPRO_res_SPRO_MOD_COMPETEN_CIUDADA_PUNT,int64,7,0,0.0,7,Evaluar
SPRO_res_SPRO_MOD_COMUNI_ESCRITA_PNAL,float64,7,0,0.0,7,Evaluar
SPRO_res_SPRO_MOD_COMUNI_ESCRITA_PUNT,float64,7,0,0.0,7,Evaluar
SPRO_res_SPRO_MOD_INGLES_PNAL,float64,7,0,0.0,6,Evaluar
SPRO_res_SPRO_MOD_INGLES_PUNT,float64,7,0,0.0,7,Evaluar
SPRO_res_SPRO_MOD_LECTURA_CRITICA_PNAL,float64,7,0,0.0,7,Evaluar
SPRO_res_SPRO_MOD_LECTURA_CRITICA_PUNT,int64,7,0,0.0,7,Evaluar
SPRO_res_SPRO_MOD_RAZONA_CUANTITAT_PUNT,int64,7,0,0.0,7,Evaluar
SPRO_res_SPRO_MOD_RAZONA_CUANTITATIVO_PNAL,float64,7,0,0.0,7,Evaluar
SPRO_res_SPRO_PUNT_GLOBAL,int64,7,0,0.0,6,Clave (ID/Resultados)
SPRO_soc_SPRO_ESTU_PAGOMATRICULA,object,0,7,100.0,0,Excluir
SPRO_soc_SPRO_ESTU_PAGOMATRICULABECA,object,7,0,0.0,2,Evaluar
SPRO_soc_SPRO_ESTU_PAGOMATRICULACREDITO,object,7,0,0.0,2,Evaluar
SPRO_soc_SPRO_ESTU_PAGOMATRICULAEXT,float64,0,7,100.0,0,Excluir
SPRO_soc_SPRO_ESTU_PAGOMATRICULAPADRES,object,7,0,0.0,2,Evaluar
SPRO_soc_SPRO_ESTU_PAGOMATRICULAPROPIO,object,7,0,0.0,2,Evaluar
SPRO_soc_SPRO_ESTU_VALORMATRICULAUEXT,float64,0,7,100.0,0,Excluir
SPRO_soc_SPRO_ESTU_VALORMATRICULAUNIVERSIDAD,object,7,0,0.0,2,Excluir
SPRO_soc_SPRO_ESTU_VLRULTIMOSEMESCURSADO,object,0,7,100.0,0,Excluir
SPRO_soc_SPRO_FAMI_CABEZAFAMILIA,object,0,7,100.0,0,Excluir
SPRO_soc_SPRO_FAMI_CUANTOSCOMPARTEBANO,object,7,0,0.0,2,Socioeconómico
SPRO_soc_SPRO_FAMI_CUARTOSHOGAR,object,0,7,100.0,0,Excluir
SPRO_soc_SPRO_FAMI_EDUCACIONMADRE,object,7,0,0.0,4,Socioeconómico
SPRO_soc_SPRO_FAMI_EDUCACIONPADRE,object,7,0,0.0,4,Socioeconómico
SPRO_soc_SPRO_FAMI_ESTRATOVIVIENDA,object,6,1,14.29,4,Socioeconómico
SPRO_soc_SPRO_FAMI_HOGARACTUAL,object,0,7,100.0,0,Excluir
SPRO_soc_SPRO_FAMI_NUMLIBROS,object,0,7,100.0,0,Excluir
SPRO_soc_SPRO_FAMI_NUMPERSONASACARGO,object,0,7,100.0,0,Excluir
SPRO_soc_SPRO_FAMI_OCUPACIONMADRE,object,0,7,100.0,0,Excluir
SPRO_soc_SPRO_FAMI_OCUPACIONPADRE,object,0,7,100.0,0,Excluir
SPRO_soc_SPRO_FAMI_PERSONASHOGAR,object,0,7,100.0,0,Excluir
SPRO_soc_SPRO_FAMI_TIENEAUTOMOVIL,object,7,0,0.0,2,Socioeconómico
SPRO_soc_SPRO_FAMI_TIENECONSOLAVIDEOJUEGOS,object,7,0,0.0,2,Socioeconómico
SPRO_soc_SPRO_FAMI_TIENEHORNOMICROOGAS,object,7,0,0.0,2,Socioeconómico
SPRO_soc_SPRO_FAMI_TIENEINTERNET,object,7,0,0.0,2,Socioeconómico
SPRO_soc_SPRO_FAMI_TIENELAVADORA,object,7,0,0.0,1,Socioeconómico
SPRO_soc_SPRO_FAMI_TIENEMOTOCICLETA,object,7,0,0.0,1,Socioeconómico
SPRO_soc_SPRO_FAMI_TIENESERVICIOTV,object,7,0,0.0,2,Socioeconómico
SPRO_soc_SPRO_FAMI_TRABAJOLABORMADRE,object,7,0,0.0,4,Socioeconómico
SPRO_soc_SPRO_FAMI_TRABAJOLABORPADRE,object,7,0,0.0,6,Socioeconómico
STYT_ESTU_CONSECUTIVO,object,7,0,0.0,7,Clave (ID/Resultados)
STYT_est_STYT_ESTU_CONSECUTIVO,object,7,0,0.0,7,Clave (ID/Resultados)
STYT_est_STYT_PERIODO,int64,7,0,0.0,1,Clave (ID/Resultados)
STYT_est_STYT_ESTU_ACTIVIDADREFUERZOAREAS,object,2,5,71.43,1,Excluir
STYT_est_STYT_ESTU_ACTIVIDADREFUERZOGENERIC,object,2,5,71.43,1,Excluir
STYT_est_STYT_ESTU_AREARESIDE,object,0,7,100.0,0,Excluir
STYT_est_STYT_ESTU_COD_COLE_MCPIO_TERMINO,object,7,0,0.0,2,Evaluar
STYT_est_STYT_ESTU_COD_DEPTO_PRESENTACION,float64,7,0,0.0,1,Evaluar
STYT_est_STYT_ESTU_COD_MCPIO_PRESENTACION,int64,7,0,0.0,1,Evaluar
STYT_est_STYT_ESTU_COD_RESIDE_DEPTO,float64,7,0,0.0,1,Evaluar
STYT_est_STYT_ESTU_COD_RESIDE_MCPIO,float64,7,0,0.0,2,Evaluar
STYT_est_STYT_ESTU_CODDANE_COLE_TERMINO,object,7,0,0.0,3,Evaluar
STYT_est_STYT_ESTU_CODICFESCOLE_TERMINO,float64,0,7,100.0,0,Excluir
STYT_est_STYT_ESTU_COLE_TERMINO,object,7,0,0.0,6,Evaluar
STYT_est_STYT_ESTU_COMOCAPACITOEXAMENSB11,object,7,0,0.0,3,Evaluar
STYT_est_STYT_ESTU_CURSODOCENTESIES,object,2,5,71.43,2,Excluir
STYT_est_STYT_ESTU_CURSOIESAPOYOEXTERNO,object,2,5,71.43,1,Excluir
STYT_est_STYT_ESTU_CURSOIESEXTERNA,object,2,5,71.43,1,Excluir
STYT_est_STYT_ESTU_CURSONOPREGR,float64,0,7,100.0,0,Excluir
STYT_est_STYT_ESTU_DEDICACIONINTERNET,object,7,0,0.0,2,Evaluar
STYT_est_STYT_ESTU_DEDICACIONLECTURADIARIA,object,7,0,0.0,4,Evaluar
STYT_est_STYT_ESTU_DEPTO_PRESENTACION,object,7,0,0.0,1,Evaluar
STYT_est_STYT_ESTU_DEPTO_RESIDE,object,7,0,0.0,1,Evaluar
STYT_est_STYT_ESTU_DISC_ASPERGER,float64,0,7,100.0,0,Excluir
STYT_est_STYT_ESTU_DISC_AUDITCASTELL,float64,0,7,100.0,0,Excluir
STYT_est_STYT_ESTU_DISC_AUDITLSC,float64,0,7,100.0,0,Excluir
STYT_est_STYT_ESTU_DISC_ESPAUTISTA,float64,0,7,100.0,0,Excluir
STYT_est_STYT_ESTU_DISC_FISICA,object,0,7,100.0,0,Excluir
STYT_est_STYT_ESTU_DISC_PSICOSOCIAL,float64,0,7,100.0,0,Excluir
STYT_est_STYT_ESTU_DISC_INTELEC,float64,0,7,100.0,0,Excluir
STYT_est_STYT_ESTU_DISC_SISTEM,float64,0,7,100.0,0,Excluir
STYT_est_STYT_ESTU_DISC_SORDOCEGUERA,float64,0,7,100.0,0,Excluir
STYT_est_STYT_ESTU_DISC_VISUALBAJA,float64,0,7,100.0,0,Excluir
STYT_est_STYT_ESTU_DISC_VISUALCEGUE,float64,0,7,100.0,0,Excluir
STYT_est_STYT_ESTU_DISC_VOZHABLA,float64,0,7,100.0,0,Excluir
STYT_est_STYT_ESTU_ESTADOCIVIL,object,0,7,100.0,0,Excluir
STYT_est_STYT_ESTU_ESTADOINVESTIGACION,object,7,0,0.0,1,Evaluar
STYT_est_STYT_ESTU_ESTUDIANTE,object,7,0,0.0,1,Evaluar
STYT_est_STYT_ESTU_ETNIA,object,0,7,100.0,0,Excluir
STYT_est_STYT_ESTU_EXTERIOR,object,7,0,0.0,1,Evaluar
est_STYT_ESTU_FECHANACIMIENTO,object,7,0,0.0,7,Institucional
STYT_est_STYT_ESTU_GENERO,object,7,0,0.0,2,Evaluar
STYT_est_STYT_ESTU_HORASSEMANATRABAJA,object,7,0,0.0,1,Evaluar
STYT_est_STYT_ESTU_INSE_INDIVIDUAL,object,6,1,14.29,6,Socioeconómico
STYT_est_STYT_ESTU_LIMITA_AUTISMO,float64,0,7,100.0,0,Excluir
STYT_est_STYT_ESTU_LIMITA_CONDICIONESPECIAL,float64,0,7,100.0,0,Excluir
STYT_est_STYT_ESTU_LIMITA_INVIDENTE,float64,0,7,100.0,0,Excluir
STYT_est_STYT_ESTU_LIMITA_MOTRIZ,float64,0,7,100.0,0,Excluir
STYT_est_STYT_ESTU_LIMITA_SORDO,float64,0,7,100.0,0,Excluir
STYT_est_STYT_ESTU_MCPIO_PRESENTACION,object,7,0,0.0,1,Evaluar
STYT_est_STYT_ESTU_MCPIO_RESIDE,object,7,0,0.0,2,Evaluar
STYT_est_STYT_ESTU_METODO_PRGM,object,7,0,0.0,1,Evaluar
STYT_est_STYT_ESTU_NACIONALIDAD,object,7,0,0.0,1,Evaluar
STYT_est_STYT_ESTU_NSE_IES,float64,7,0,0.0,1,Socioeconómico
STYT_est_STYT_ESTU_NSE_INDIVIDUAL,object,6,1,14.29,3,Socioeconómico
STYT_est_STYT_ESTU_OTROCOLE_TERMINO,object,0,7,100.0,0,Excluir
STYT_est_STYT_ESTU_OTROPREGRADO,float64,0,7,100.0,0,Excluir
STYT_est_STYT_ESTU_PAIS_RESIDE,object,7,0,0.0,1,Evaluar
STYT_est_STYT_ESTU_PAISDOCUMENTOS11,object,0,7,100.0,0,Excluir
STYT_est_STYT_ESTU_PAISDOCUMENTOSB11,object,7,0,0.0,1,Evaluar
STYT_est_STYT_ESTU_PRESENTACIONCASA,object,0,7,100.0,0,Excluir
STYT_est_STYT_ESTU_PRESENTACIONSABADO,object,0,7,100.0,0,Excluir
STYT_est_STYT_ESTU_PRGM_ACADEMICO,object,7,0,0.0,1,Evaluar
STYT_est_STYT_ESTU_PRGM_CODMUNICIPIO,int64,7,0,0.0,1,Evaluar
STYT_est_STYT_ESTU_PRGM_DEPARTAMENTO,object,7,0,0.0,1,Evaluar
STYT_est_STYT_ESTU_PRGM_MUNICIPIO,object,7,0,0.0,1,Evaluar
STYT_est_STYT_ESTU_PRIVADO_LIBERTAD,object,7,0,0.0,1,Evaluar
STYT_est_STYT_ESTU_SEMESTRECURSA,float64,7,0,0.0,1,Evaluar
STYT_est_STYT_ESTU_SIMULACROTIPOICFES,object,2,5,71.43,1,Excluir
STYT_est_STYT_ESTU_SNIES_PRGMACADEMICO,int64,7,0,0.0,1,Evaluar
STYT_est_STYT_ESTU_TIENEETNIA,object,7,0,0.0,1,Excluir
STYT_est_STYT_ESTU_TIPODOCUMENTOSB11,object,7,0,0.0,2,Evaluar
STYT_est_STYT_ESTU_TIPOREMUNERACION,object,0,7,100.0,0,Excluir
STYT_est_STYT_ESTU_TITULOOBTENIDOBACHILLER,object,7,0,0.0,2,Evaluar
STYT_est_STYT_ESTU_UNPOSTGRADO,float64,0,7,100.0,0,Excluir
STYT_est_STYT_ESTU_VALORMATRICULAUEXT,float64,0,7,100.0,0,Excluir
STYT_est_STYT_ESTU_VALORMATRICULAUNIVERSIDAD,object,7,0,0.0,1,Excluir
STYT_est_STYT_ESTU_VLRULTIMOSEMESCURSADO,object,0,7,100.0,0,Excluir
STYT_est_STYT_ESTU_TIPODOCUMENTO,object,7,0,0.0,2,Evaluar
STYT_ins_STYT_ESTU_INST_CODMUNICIPIO,int64,7,0,0.0,1,Evaluar
STYT_ins_STYT_ESTU_INST_DEPARTAMENTO,object,7,0,0.0,1,Evaluar
STYT_ins_STYT_ESTU_INST_MUNICIPIO,object,7,0,0.0,1,Evaluar
STYT_ins_STYT_ESTU_NIVEL_PRGM_ACADEMICO,object,7,0,0.0,1,Evaluar
STYT_ins_STYT_ESTU_NUCLEO_PREGRADO,object,7,0,0.0,1,Evaluar
STYT_ins_STYT_GRUPOREFERENCIA,object,7,0,0.0,1,Evaluar
STYT_ins_STYT_INST_CARACTER_ACADEMICO,object,7,0,0.0,1,Evaluar
STYT_ins_STYT_INST_COD_INSTITUCION,int64,7,0,0.0,1,Evaluar
STYT_ins_STYT_INST_NOMBRE_INSTITUCION,object,7,0,0.0,1,Evaluar
STYT_ins_STYT_INST_ORIGEN,object,7,0,0.0,1,Evaluar
STYT_res_STYT_MOD_COMPETEN_CIUDADA_PNAL,float64,7,0,0.0,7,Evaluar
STYT_res_STYT_MOD_COMPETEN_CIUDADA_PUNT,float64,7,0,0.0,7,Evaluar
STYT_res_STYT_MOD_COMUNI_ESCRITA_PNAL,float64,7,0,0.0,7,Evaluar
STYT_res_STYT_MOD_COMUNI_ESCRITA_PUNT,float64,7,0,0.0,7,Evaluar
STYT_res_STYT_MOD_INGLES_PNAL,float64,7,0,0.0,7,Evaluar
STYT_res_STYT_MOD_INGLES_PUNT,int64,7,0,0.0,7,Evaluar
STYT_res_STYT_MOD_LECTURA_CRITICA_PNAL,float64,7,0,0.0,6,Evaluar
STYT_res_STYT_MOD_LECTURA_CRITICA_PUNT,float64,7,0,0.0,6,Evaluar
STYT_res_STYT_MOD_RAZONA_CUANTITAT_PUNT,float64,7,0,0.0,7,Evaluar
STYT_res_STYT_MOD_RAZONA_CUANTITATIVO_PNAL,float64,7,0,0.0,7,Evaluar
STYT_res_STYT_PUNT_GLOBAL,float64,7,0,0.0,7,Clave (ID/Resultados)
STYT_soc_STYT_ESTU_PAGOMATRICULA,object,0,7,100.0,0,Excluir
STYT_soc_STYT_ESTU_PAGOMATRICULABECA,object,7,0,0.0,2,Evaluar
STYT_soc_STYT_ESTU_PAGOMATRICULACREDITO,object,7,0,0.0,2,Evaluar
STYT_soc_STYT_ESTU_PAGOMATRICULAEXT,float64,0,7,100.0,0,Excluir
STYT_soc_STYT_ESTU_PAGOMATRICULAPADRES,object,7,0,0.0,1,Evaluar
STYT_soc_STYT_ESTU_PAGOMATRICULAPROPIO,object,7,0,0.0,2,Evaluar
STYT_soc_STYT_FAMI_CABEZAFAMILIA,object,7,0,0.0,1,Socioeconómico
STYT_soc_STYT_FAMI_CUANTOSCOMPARTEBANO,object,0,7,100.0,0,Excluir
STYT_soc_STYT_FAMI_CUARTOSHOGAR,object,7,0,0.0,3,Socioeconómico
STYT_soc_STYT_FAMI_EDUCACIONMADRE,object,7,0,0.0,4,Socioeconómico
STYT_soc_STYT_FAMI_EDUCACIONPADRE,object,7,0,0.0,5,Socioeconómico
STYT_soc_STYT_FAMI_ESTRATOVIVIENDA,object,7,0,0.0,4,Socioeconómico
STYT_soc_STYT_FAMI_HOGARACTUAL,object,7,0,0.0,1,Socioeconómico
STYT_soc_STYT_FAMI_NUMLIBROS,object,7,0,0.0,4,Socioeconómico
STYT_soc_STYT_FAMI_NUMPERSONASACARGO,object,7,0,0.0,1,Socioeconómico
STYT_soc_STYT_FAMI_OCUPACIONMADRE,object,7,0,0.0,5,Socioeconómico
STYT_soc_STYT_FAMI_OCUPACIONPADRE,object,7,0,0.0,6,Socioeconómico
STYT_soc_STYT_FAMI_PERSONASHOGAR,object,7,0,0.0,4,Socioeconómico
STYT_soc_STYT_FAMI_TIENEAUTOMOVIL,object,7,0,0.0,2,Socioeconómico
STYT_soc_STYT_FAMI_TIENECOMPUTADOR,object,7,0,0.0,1,Socioeconómico
STYT_soc_STYT_FAMI_TIENECONSOLAVIDEOJUEGOS,object,0,7,100.0,0,Excluir
STYT_soc_STYT_FAMI_TIENEHORNOMICROOGAS,object,7,0,0.0,2,Socioeconómico
STYT_soc_STYT_FAMI_TIENEINTERNET,object,7,0,0.0,2,Socioeconómico
STYT_soc_STYT_FAMI_TIENELAVADORA,object,7,0,0.0,2,Socioeconómico
STYT_soc_STYT_FAMI_TIENEMOTOCICLETA,object,7,0,0.0,1,Socioeconómico
STYT_soc_STYT_FAMI_TIENESERVICIOTV,object,7,0,0.0,1,Socioeconómico
STYT_soc_STYT_FAMI_TIENETELEVISOR,object,0,7,100.0,0,Excluir
STYT_soc_STYT_FAMI_TRABAJOLABORMADRE,object,0,7,100.0,0,Excluir
STYT_soc_STYT_FAMI_TRABAJOLABORPADRE,object,0,7,100.0,0,Excluir
S11_est_S11_PERIODO_2,object,7,0,0.0,1,Clave (ID/Resultados)
SPRO_est_SPRO_PERIODO_2,object,7,0,0.0,1,Clave (ID/Resultados)
STYT_est_STYT_PERIODO_2,object,7,0,0.0,1,Clave (ID/Resultados)
